id,username,hashed_password,first_name,last_name,date_of_birth,occupation,created_at,created_by,updated_at,updated_by
1,sangne,123,Sang,Thái,1990-01-01,,2025-03-20 08:00:00.000000,,2025-03-20 08:00:00.000000,
2,ancute96,123,An,Võ,1990-01-01,,2025-03-19 10:00:00.000000,,2025-03-19 10:00:00.000000,
3,hoangle,123,Hoàng,Hoàng,1990-01-01,,2025-03-18 11:30:00.000000,,2025-03-18 11:30:00.000000,
4,tranhalinh,123,Linh,Trần Hà,1990-01-01,,2025-03-17 15:00:00.000000,,2025-03-17 15:00:00.000000,
5,emma88,123,Emma,Jackson,1994-01-28,,2024-05-28 10:47:22.000000,,2024-05-28 10:47:22.000000,
6,jane93,123,Jane,Brown,2002-06-22,,2024-10-09 10:47:22.000000,,2024-10-09 10:47:22.000000,
7,jane30,123,Jane,Anderson,1985-06-09,,2024-11-05 10:47:22.000000,,2024-11-05 10:47:22.000000,
8,alex29,123,Alex,White,1978-01-07,,2024-10-09 10:47:22.000000,,2024-10-09 10:47:22.000000,
9,emily72,123,Emily,Taylor,1970-09-12,,2025-01-24 10:47:22.000000,,2025-01-24 10:47:22.000000,
10,emily55,123,Emily,Jackson,1981-08-08,,2024-08-04 10:47:22.000000,,2024-08-04 10:47:22.000000,
11,emily37,123,Emily,White,2004-11-04,,2025-01-08 10:47:22.000000,,2025-01-08 10:47:22.000000,
12,david78,123,David,Johnson,1996-02-18,,2024-12-05 10:47:22.000000,,2024-12-05 10:47:22.000000,
13,michael51,123,Michael,Martin,1992-05-21,,2024-10-09 10:47:22.000000,,2024-10-09 10:47:22.000000,
14,michael59,123,Michael,Brown,1974-04-24,,2025-03-10 10:47:22.000000,,2025-03-10 10:47:22.000000,
15,olivia71,123,Olivia,Taylor,2005-09-19,,2025-01-02 10:47:22.000000,,2025-01-02 10:47:22.000000,
16,emma55,123,Emma,Johnson,1988-11-23,,2024-09-26 10:47:22.000000,,2024-09-26 10:47:22.000000,
17,emily36,123,Emily,Jackson,1988-12-21,,2024-08-29 10:47:22.000000,,2024-08-29 10:47:22.000000,
18,daniel48,123,Daniel,Martin,2005-09-03,,2024-08-10 10:47:22.000000,,2024-08-10 10:47:22.000000,
19,daniel40,123,Daniel,Harris,2004-07-02,,2024-04-15 10:47:22.000000,,2024-04-15 10:47:22.000000,
20,emma51,123,Emma,Jackson,1973-09-14,,2024-09-03 10:47:22.000000,,2024-09-03 10:47:22.000000,
21,daniel58,123,Daniel,Jackson,1993-11-25,,2025-02-21 10:47:22.000000,,2025-02-21 10:47:22.000000,
22,david32,123,David,Jackson,1970-01-15,,2025-01-11 10:47:22.000000,,2025-01-11 10:47:22.000000,
23,daniel74,123,Daniel,Anderson,1978-10-27,,2024-11-21 10:47:22.000000,,2024-11-21 10:47:22.000000,
24,jane92,123,Jane,Johnson,1974-01-21,,2025-03-15 10:47:22.000000,,2025-03-15 10:47:22.000000,
25,alex97,123,Alex,Brown,1975-07-26,,2024-08-07 10:47:22.000000,,2024-08-07 10:47:22.000000,
26,emma54,123,Emma,Johnson,1986-11-17,,2024-03-31 10:47:22.000000,,2024-03-31 10:47:22.000000,
27,sophia72,123,Sophia,Anderson,2001-10-25,,2024-05-09 10:47:22.000000,,2024-05-09 10:47:22.000000,
28,michael78,123,Michael,Anderson,1987-02-25,,2024-08-28 10:47:22.000000,,2024-08-28 10:47:22.000000,
29,john43,123,John,Johnson,1973-10-18,,2024-09-07 10:47:22.000000,,2024-09-07 10:47:22.000000,
30,john37,123,John,Johnson,1987-12-09,,2024-07-23 10:47:22.000000,,2024-07-23 10:47:22.000000,
31,david50,123,David,Smith,1988-08-12,,2024-10-10 10:47:22.000000,,2024-10-10 10:47:22.000000,
32,alex77,123,Alex,Martin,2005-12-21,,2024-03-25 10:47:22.000000,,2024-03-25 10:47:22.000000,
33,emma82,123,Emma,Smith,1996-11-10,,2024-07-19 10:47:22.000000,,2024-07-19 10:47:22.000000,
34,olivia37,123,Olivia,Anderson,1992-02-07,,2025-01-10 10:47:22.000000,,2025-01-10 10:47:22.000000,
35,michael61,123,Michael,Taylor,2005-12-01,,2024-06-28 10:47:22.000000,,2024-06-28 10:47:22.000000,
36,michael89,123,Michael,Thomas,1975-03-05,,2024-11-19 10:47:22.000000,,2024-11-19 10:47:22.000000,
37,sophia37,123,Sophia,Martin,1981-07-12,,2024-06-18 10:47:22.000000,,2024-06-18 10:47:22.000000,
38,david20,123,David,Thomas,1970-04-02,,2024-04-02 10:47:22.000000,,2024-04-02 10:47:22.000000,
39,daniel27,123,Daniel,Thomas,1994-06-26,,2025-03-13 10:47:22.000000,,2025-03-13 10:47:22.000000,
40,michael33,123,Michael,Jackson,1988-01-22,,2024-04-26 10:47:22.000000,,2024-04-26 10:47:22.000000,
41,michael36,123,Michael,Smith,1971-08-19,,2024-04-07 10:47:22.000000,,2024-04-07 10:47:22.000000,
42,michael30,123,Michael,White,1974-02-19,,2024-07-06 10:47:22.000000,,2024-07-06 10:47:22.000000,
43,daniel16,123,Daniel,Johnson,1985-08-15,,2024-07-09 10:47:22.000000,,2024-07-09 10:47:22.000000,
44,alex23,123,Alex,Johnson,1985-07-15,,2024-07-08 10:47:22.000000,,2024-07-08 10:47:22.000000,
45,emma60,123,Emma,Johnson,1983-05-20,,2025-02-11 10:47:22.000000,,2025-02-11 10:47:22.000000,
46,jane52,123,Jane,Anderson,1971-11-02,,2024-05-14 10:47:22.000000,,2024-05-14 10:47:22.000000,
47,michael29,123,Michael,Jackson,2005-03-26,,2024-09-16 10:47:22.000000,,2024-09-16 10:47:22.000000,
48,emily79,123,Emily,Brown,1979-04-16,,2025-03-04 10:47:22.000000,,2025-03-04 10:47:22.000000,
49,olivia12,123,Olivia,Harris,1993-12-20,,2024-11-08 10:47:22.000000,,2024-11-08 10:47:22.000000,
50,olivia97,123,Olivia,Anderson,1985-12-21,,2024-08-06 10:47:22.000000,,2024-08-06 10:47:22.000000,
51,david74,123,David,Thomas,1999-12-19,,2024-08-05 10:47:22.000000,,2024-08-05 10:47:22.000000,
52,david82,123,David,Jackson,1997-01-07,,2024-06-29 10:47:22.000000,,2024-06-29 10:47:22.000000,
53,emily93,123,Emily,Smith,1981-09-21,,2024-05-03 10:47:22.000000,,2024-05-03 10:47:22.000000,
54,john27,123,John,Smith,1991-09-27,,2024-07-03 10:47:22.000000,,2024-07-03 10:47:22.000000,
55,jane64,123,Jane,Smith,1982-11-22,,2025-02-04 10:47:22.000000,,2025-02-04 10:47:22.000000,
56,olivia23,123,Olivia,White,1976-04-12,,2025-01-26 10:47:22.000000,,2025-01-26 10:47:22.000000,
57,emily34,123,Emily,Brown,1984-09-11,,2024-08-02 10:47:22.000000,,2024-08-02 10:47:22.000000,
58,michael24,123,Michael,Jackson,1993-04-28,,2024-09-20 10:47:22.000000,,2024-09-20 10:47:22.000000,
59,jane58,123,Jane,Harris,1971-03-20,,2025-02-17 10:47:22.000000,,2025-02-17 10:47:22.000000,
60,sophia10,123,Sophia,Johnson,1972-12-16,,2024-07-23 10:47:22.000000,,2024-07-23 10:47:22.000000,
61,emily43,123,Emily,Brown,1996-03-25,,2024-09-23 10:47:22.000000,,2024-09-23 10:47:22.000000,
62,michael20,123,Michael,Harris,2000-08-11,,2024-08-13 10:47:22.000000,,2024-08-13 10:47:22.000000,
63,alex18,123,Alex,Martin,1981-01-23,,2025-02-10 10:47:22.000000,,2025-02-10 10:47:22.000000,
64,emily17,123,Emily,Jackson,2002-04-14,,2024-05-14 10:47:22.000000,,2024-05-14 10:47:22.000000,
65,michael99,123,Michael,Smith,2005-12-18,,2024-09-22 10:47:22.000000,,2024-09-22 10:47:22.000000,
66,david64,123,David,Brown,1972-06-21,,2024-03-20 10:47:22.000000,,2024-03-20 10:47:22.000000,
67,michael96,123,Michael,Anderson,1986-04-18,,2024-12-11 10:47:22.000000,,2024-12-11 10:47:22.000000,
68,emily69,123,Emily,Johnson,1978-08-10,,2024-11-20 10:47:22.000000,,2024-11-20 10:47:22.000000,
69,john40,123,John,Thomas,1999-04-09,,2024-05-09 10:47:22.000000,,2024-05-09 10:47:22.000000,
70,olivia49,123,Olivia,Anderson,1986-01-11,,2024-05-22 10:47:22.000000,,2024-05-22 10:47:22.000000,
71,david30,123,David,Martin,1979-09-20,,2024-03-23 10:47:22.000000,,2024-03-23 10:47:22.000000,
72,olivia72,123,Olivia,Taylor,1975-07-28,,2024-07-13 10:47:22.000000,,2024-07-13 10:47:22.000000,
73,john69,123,John,Jackson,1976-04-16,,2025-02-09 10:47:22.000000,,2025-02-09 10:47:22.000000,
74,john45,123,John,Taylor,1990-05-07,,2025-01-11 10:47:22.000000,,2025-01-11 10:47:22.000000,
75,emma56,123,Emma,Thomas,1989-09-11,,2024-09-01 10:47:22.000000,,2024-09-01 10:47:22.000000,
76,david10,123,David,Smith,1974-05-01,,2025-03-03 10:47:22.000000,,2025-03-03 10:47:22.000000,
77,emma22,123,Emma,Anderson,2003-01-20,,2025-01-21 10:47:22.000000,,2025-01-21 10:47:22.000000,
78,jane22,123,Jane,Anderson,1980-07-08,,2024-10-18 10:47:22.000000,,2024-10-18 10:47:22.000000,
79,olivia16,123,Olivia,Taylor,2004-12-02,,2024-05-11 10:47:22.000000,,2024-05-11 10:47:22.000000,
80,sophia68,123,Sophia,Johnson,1995-11-01,,2024-10-11 10:47:22.000000,,2024-10-11 10:47:22.000000,
81,jane98,123,Jane,Brown,1998-01-05,,2024-12-25 10:47:22.000000,,2024-12-25 10:47:22.000000,
82,david98,123,David,Harris,1973-05-25,,2024-10-27 10:47:22.000000,,2024-10-27 10:47:22.000000,
83,emily39,123,Emily,Harris,2005-08-15,,2024-10-08 10:47:22.000000,,2024-10-08 10:47:22.000000,
84,jane88,123,Jane,Brown,1970-08-16,,2024-10-12 10:47:22.000000,,2024-10-12 10:47:22.000000,
85,michael64,123,Michael,Taylor,2005-01-28,,2024-10-27 10:47:22.000000,,2024-10-27 10:47:22.000000,
86,alex82,123,Alex,Taylor,1987-12-14,,2024-07-04 10:47:22.000000,,2024-07-04 10:47:22.000000,
87,alex37,123,Alex,Smith,1990-04-18,,2024-04-22 10:47:22.000000,,2024-04-22 10:47:22.000000,
88,sophia17,123,Sophia,Harris,1977-02-04,,2024-11-25 10:47:22.000000,,2024-11-25 10:47:22.000000,
89,emily38,123,Emily,Harris,2003-08-02,,2025-01-13 10:47:22.000000,,2025-01-13 10:47:22.000000,
90,jane49,123,Jane,Johnson,1988-04-01,,2024-09-25 10:47:22.000000,,2024-09-25 10:47:22.000000,
91,michael25,123,Michael,Smith,2001-03-27,,2025-01-17 10:47:22.000000,,2025-01-17 10:47:22.000000,
92,david47,123,David,Harris,1976-09-19,,2025-03-01 10:47:22.000000,,2025-03-01 10:47:22.000000,
93,emily96,123,Emily,Anderson,2004-12-08,,2025-01-19 10:47:22.000000,,2025-01-19 10:47:22.000000,
94,emily61,123,Emily,Johnson,1991-02-11,,2024-07-11 10:47:22.000000,,2024-07-11 10:47:22.000000,
95,alex41,123,Alex,Martin,1975-01-08,,2024-09-09 10:47:22.000000,,2024-09-09 10:47:22.000000,
96,david18,123,David,Taylor,1986-04-24,,2024-04-07 10:47:22.000000,,2024-04-07 10:47:22.000000,
97,daniel70,123,Daniel,Smith,1970-03-28,,2024-06-17 10:47:22.000000,,2024-06-17 10:47:22.000000,
98,john75,123,John,White,1994-04-11,,2024-05-14 10:47:22.000000,,2024-05-14 10:47:22.000000,
99,daniel53,123,Daniel,Brown,1970-12-05,,2025-01-15 10:47:22.000000,,2025-01-15 10:47:22.000000,
100,daniel11,123,Daniel,Thomas,2001-12-06,,2024-09-05 10:47:22.000000,,2024-09-05 10:47:22.000000,
